STATION,Abetifi,Aburi,Accra,Akatsi,A_Oda,Akuse,Asaman,Atebubu,Axim,Bechem,Bogoso,Bui,Cape_Coast,Dormaa ,Dunkwa,Ejura,Goaso,Kade,Kintampo,Koforidua,Kpando,Krachi,Kumasi,Mim,Prang,Saltpond,S_Bekwai,Sunyani,Takoradi,Tarkwa,Tema,Wenchi,H_Assini,Ho
LAT,6.67,5.87,5.6,6.12,6.12,6.1,5.8667,7.75,4.87,7.08,5.4,8.28,5.13,7.28,5.97,7.3833,6.8,6.1,8.05,6.08,7,7.82,6.72,6.9,7.98,5.2,6.2,7.33,4.88,5.3,5.62,7.75,5.05,6.6
LON,-0.75,-0.17,-0.17,0.8,-0.8,0.12,-0.6667,-0.98,-2.23,-2.03,-2.03,-2.27,-1.25,-2.88,-1.78,-1.3667,-2.5167,-0.8333,-1.72,-0.25,0.2833,-0.03,-1.6,-2.55,-0.88,-1.07,-2.33,-2.33,-1.77,-1.98,0,-2.1,-2.88,0.47
1981,6,9,6,-999,7,10,11,10,15,6,6,9,6,9,-999,7,11,10,9,9,7,8,15,-999,8,7,10,6,5,7,6,8,9,-999
1982,10,3,6,11,7,9,7,8,9,5,9,-999,3,-999,12,9,7,10,15,10,14,8,10,11,8,10,11,9,19,10,6,11,9,10
1983,6,-999,23,-999,5,12,9,-999,8,9,5,-999,13,-999,5,8,9,10,9,9,-999,7,6,5,7,17,8,7,11,-999,-999,5,6,-999
1984,9,5,9,10,8,9,10,12,8,10,9,9,11,9,9,9,10,9,5,9,-999,7,10,-999,7,8,9,10,10,-999,-999,9,9,14
1985,8,8,13,-999,7,6,8,8,12,7,6,12,12,8,5,5,8,8,3,5,-999,6,11,-999,6,7,11,6,9,-999,5,10,-999,10
1986,7,5,18,11,8,10,5,8,7,20,9,7,9,7,7,7,5,9,11,9,-999,-999,9,-999,-999,7,8,7,10,-999,9,6,11,6
1987,10,6,16,11,8,10,9,6,17,11,7,16,12,6,9,-999,9,7,28,9,-999,5,9,-999,5,8,9,11,9,-999,19,7,5,10
1988,6,19,8,-999,6,5,8,6,11,8,7,10,4,9,12,5,8,8,12,8,-999,6,7,-999,6,8,8,7,15,10,-999,7,8,8
1989,8,6,16,-999,10,13,9,8,10,7,14,9,13,9,5,6,9,7,12,5,7,4,13,10,4,10,7,9,10,11,12,11,7,9
1990,6,-999,11,-999,9,20,10,8,10,5,10,6,11,6,7,10,10,10,15,8,-999,8,8,9,8,6,8,5,10,6,17,12,4,10
1991,6,5,7,8,9,9,7,8,6,7,7,8,12,8,5,7,7,10,6,9,9,10,6,6,7,5,8,10,7,6,8,7,8,7
1992,6,6,10,7,9,9,8,6,5,5,8,8,9,8,8,7,8,8,12,6,7,7,7,9,7,9,5,9,11,7,9,9,6,9
1993,6,7,12,6,8,8,10,9,8,10,5,-999,6,-999,8,9,10,8,10,14,9,10,8,9,10,15,8,16,13,7,8,8,9,8
1994,10,5,12,12,13,14,-999,19,11,5,8,8,14,7,5,-999,-999,11,15,14,9,10,7,7,10,12,9,9,16,8,10,6,7,13
1995,5,8,8,10,8,15,7,8,9,10,7,5,9,5,7,8,7,8,8,7,4,10,10,6,10,9,2,7,17,11,14,7,6,5
1996,8,9,11,6,9,6,9,9,15,9,8,10,8,10,-999,7,9,7,13,8,5,8,6,6,8,8,6,8,6,6,7,8,6,7
1997,7,8,10,6,8,6,8,5,8,8,8,11,11,9,5,10,8,5,8,10,7,9,6,8,9,11,6,9,16,10,12,9,8,6
1998,7,-999,17,10,9,10,7,7,6,4,8,7,-999,7,4,5,7,13,8,9,5,5,6,8,5,12,10,8,10,9,10,7,10,9
1999,7,10,13,9,4,10,8,10,13,7,10,7,15,7,6,10,8,11,6,9,8,8,6,10,8,5,6,8,9,7,7,8,9,7
2000,10,7,12,8,6,16,7,7,9,8,6,5,18,5,6,10,7,8,9,-999,9,8,5,-999,8,12,8,8,20,4,15,10,9,7
2001,7,7,5,11,7,8,5,6,6,8,6,5,5,5,6,7,5,6,15,10,5,9,10,6,9,15,6,6,16,6,5,6,5,8
2002,8,9,6,6,9,7,7,5,5,6,8,8,20,5,8,7,7,5,21,6,5,5,10,6,5,16,7,8,14,6,6,5,9,9
2003,9,9,12,13,9,10,13,7,8,7,6,12,6,12,9,9,13,18,15,6,8,7,9,7,7,6,7,9,8,10,8,11,6,9
2004,6,9,12,10,9,12,6,6,10,11,8,12,10,8,8,7,6,9,14,12,8,14,6,10,14,9,7,5,7,10,10,6,5,11
2005,15,5,20,9,10,8,9,9,7,13,6,11,18,6,8,8,9,8,8,9,9,11,3,6,7,12,7,9,7,6,12,10,7,6
2006,5,6,6,10,6,7,4,7,10,5,7,9,7,9,5,11,4,9,9,8,6,7,7,7,7,10,7,7,6,5,6,9,5,8
2007,7,8,9,6,7,15,6,8,18,9,8,6,14,6,7,8,6,10,12,9,5,9,7,9,9,12,7,5,12,6,9,7,6,13
2008,9,4,6,7,5,9,8,10,8,5,8,5,4,7,7,5,8,-999,-999,4,5,11,7,-999,11,4,5,10,5,5,9,12,7,8
2009,9,6,19,15,16,6,9,13,9,5,10,9,9,8,10,8,9,10,10,8,6,11,9,-999,11,15,8,5,10,9,16,4,7,11
2010,9,8,5,-999,8,9,14,12,7,13,7,7,9,10,8,10,14,6,8,9,11,5,9,-999,5,6,7,10,5,11,8,10,4,6
2011,10,10,7,5,9,6,5,6,7,9,10,8,6,9,6,13,5,13,8,7,7,5,7,-999,5,5,9,8,7,9,5,7,9,10
2012,12,10,10,8,6,7,6,7,4,-999,7,-999,7,-999,8,6,6,22,11,6,7,10,7,-999,10,7,18,11,5,7,7,5,10,7
2013,8,-999,6,9,17,9,5,6,13,-999,6,9,-999,10,8,9,5,10,15,8,6,13,10,6,13,10,8,8,10,8,7,9,13,7
2014,7,-999,11,9,9,10,12,15,6,6,4,7,10,7,8,9,12,9,11,7,10,6,15,7,6,9,9,10,8,9,15,7,15,8
2015,6,7,20,7,7,6,9,10,8,7,8,-999,8,9,-999,9,9,7,8,8,8,7,5,-999,7,10,5,11,10,9,7,10,10,7
2016,9,-999,11,8,10,12,7,4,7,7,7,25,14,11,5,-999,7,-999,-999,11,9,11,11,-999,10,17,13,10,8,6,11,10,6,11
2017,10,8,8,5,7,9,7,9,6,6,6,-999,7,7,7,5,7,12,-999,5,7,-999,8,-999,6,6,6,6,7,4,5,-999,12,8
2018,8,5,8,5,6,8,11,6,6,9,7,-999,7,6,14,11,11,-999,13,5,6,7,5,7,10,8,8,6,6,6,7,8,7,9
2019,6,9,13,8,6,7,6,8,10,7,-999,-999,16,6,5,7,6,5,5,7,-999,9,5,-999,7,13,6,6,11,6,9,8,-999,14
2020,9,-999,8,7,10,11,11,7,8,7,9,6,9,9,11,8,6,16,10,9,10,4,12,7,7,9,8,7,8,9,8,6,9,10
2021,6,-999,19,10,7,6,11,5,6,7,-999,10,6,7,9,18,10,6,14,7,9,18,11,9,6,14,12,10,14,15,15,10,15,7
2022,12,-999,7,6,6,5,13,8,3,6,9,30,8,4,10,8,10,5,8,17,9,9,9,9,8,6,9,6,15,10,6,8,5,10
2023,6,-999,9,10,9,6,6,8,16,7,-999,8,16,13,10,10,6,8,7,7,7,20,4,8,8,9,5,12,14,-999,9,8,7,6
2024,6,-999,13,10,7,8,13,9,6,9,-999,-999,7,9,10,8,11,8,8,6,13,10,8,14,11,11,10,7,8,-999,7,9,9,10
2025,7,-999,11,10,10,8,7,9,9,12,-999,7,7,13,7,9,7,13,8,7,7,10,7,10,9,11,4,7,9,-999,11,7,6,5
