STATION,Abetifi,Aburi,Accra,Ada,Akatsi,A_Oda,Akuse,Asaman,Atebubu,Axim,Babile,Bechem,Bimbila,Bole,Bolga,Bui,C_Coast,Damongo,Dormaa ,Dunkwa,Ejura,Garu,Goaso,H_Assini,Ho,Kade,Krachi,Kintampo,Koforidua,Kpandu,Kumasi,M_Bawku,Mim,Navrongo,Prang,S_Bekwai,Salaga,Saltpond,Sunyani,Takoradi,Tamale,Tarkwa,Tema,Vea,Wa,Walewale,Wenchi,Yendi,Zuarungu
LAT,6.67,5.8667,5.6,5.78,6.12,6.12,6.1,5.8667,7.75,4.87,10.51,7.08,8.85,9.03,10.78,-2.266667,5.13,9.07,7.28,5.9667,7.3833,10.85,6.8,5.05,6.6,6.1,7.82,8.05,6.08,7,6.72,11.0167,6.9,10.9,7.98,6.2,8.55,5.2,7.33,4.88,9.55,5.3,5.62,10.8667,10.05,10.35,7.75,9.45,10.7833
LON,-0.75,-0.1667,-0.17,0.63,0.8,-0.8,0.12,-0.6667,-0.98,-2.23,-2.81,-2.03,0.0667,-2.48,-0.85,8.283333,-1.25,-1.82,-2.88,-1.7833,-1.3667,-0.1833,-2.5167,-2.88,0.47,-0.8333,-0.03,-1.72,-0.25,0.2833,-1.6,-0.2667,-2.55,-1.1,-0.88,-2.33,-0.5167,-1.07,-2.33,-1.77,-0.85,-1.98,0,-0.85,-2.5,-0.8,-2.1,-0.12,-0.18
1981,306.8,470.297139,308.1999999,417.9000002,-999,588.4999998,520.3999999,619.0966621,295.3,461.4999996,300.9000001,383.9,365.0000001,393.8,304.4,435.7,687.6000001,340.8000001,422.6999998,829.5999997,400.3973774,220.3997616,525.5999997,1888.699999,441.5,634.7,407.2995232,344.7000002,646.3999994,376.0999999,460.2999997,320.0000001,395.5999998,303.5000001,224.6,518.8000002,290.9988079,670.8999999,454.5204757,764.1154284,372.2,634.0999997,479.9999999,273.0990463,275.2695969,261.0999999,290.3997616,406.3,230.4999999
1982,514.0999999,322.1,562.6000001,868.0999994,-999,412.7000002,435,418.0966621,247.2999999,1495.300002,314.3,308.6999998,-999,346.3,340.0999999,380.1,673,338.2999998,-999,563.6999996,391.4988079,257.3000001,544.9999998,1149.8,324.5,561,390.6,392.4988079,424.8762754,431.1,461.4999996,-999,499.9999999,279.1000001,-999,537.7999995,338.1992847,845.6999996,419.8551354,759.4980381,522.3999999,825.5999992,491.3,326.0000002,294.1018984,213.8000001,361.1992847,297.1,447.5
1983,634.6000006,261.6992847,239.2000001,415.3999999,-999,557.6999998,353.5,399.8997616,239.2,757.7999997,196.4,591.0000002,-999,286.9000001,179.3,442.1,214.2,321.5999999,343.4,616.9999998,500.3997616,237.0996424,123.6,817.3000002,298.5,-999,474.4988079,566.0966621,457.2273773,378.4999999,356.1999997,168.499404,828.9000001,258.4,354.7995232,655.6999996,478.3973774,336.0000001,523.7388778,318.8814539,287.7,-999,281,188.6998808,259.2110932,272.7,518,366.1,172
1984,670.5,438.6992847,299.2,465.2999998,281.8000001,603.8,480.8000001,614,540.4000001,1294.100001,278.6,346.4000001,429.9988079,382.6999998,265.1999999,-999,467.8000001,421.9,461.9000001,682.1999998,450.6980927,284.1000001,-999,1121.9,344.2,830.0966621,658.8985695,572.7,391.7842361,561.8000002,457.9000001,133.8997616,-999,370.2000002,595.1000004,466.4999999,477.1992847,339.5999999,406.8321452,560.0037937,320.6,-999,197.7000001,273.7,331.2322289,420.5,542.7995232,400,228.1999999
1985,335.3000001,270.2995232,401.2999998,408.8,242.4,729.2999995,298.0999999,313.7000002,333.5,977.5999992,380.3000001,369.6,564.5,360.4999999,243.1,-999,612.8999999,366.0999999,378.7999998,374.9999999,330.1000001,183.8,-999,839.0999999,347.9000001,461.3973774,499.4988079,437.4000001,545.1457922,331.2000002,392.9,172.9,-999,231.6,298,405.8999999,356.2983311,862.0999992,394.841318,409.8993008,330.5000001,-999,279.6999998,187,363.4508688,265.8,423.8000001,311.8,226.1999999
1986,352.7000002,335.9000002,224.6000001,261.1,396,375.6999999,364.0999999,395.4000001,340.5,493.5000001,292.5,437.1000001,-999,360.5,250.3,348.4,461.7,335.9,440.0000001,498.3999997,629.9952316,265.7995232,-999,569,429.7999997,242.9000001,412.797139,300.9988079,401.2646712,480.6000003,431.2999998,195.1,-999,330.1000001,439.3997616,384.1999999,377.7,551.2,427.3782581,330.3459648,402.4,-999,176.4,225.1,161.5649445,85,376.6980927,315.1,188.1
1987,339.9999999,164.4,103.5,202.6,274.8000001,380.3,227.4,78.29982119,305.5000001,463.1999999,214.7,407.4000001,-999,308.4000002,154.1,242.8,243.4000001,336.0999999,369.9999999,513.2999997,480.5990463,-999,164.6,603.0999999,500.8999999,-999,356.6000001,421.5,326.0853815,280.3999999,493.5000001,279.4000001,-999,315.4000001,299.7995232,313,299.3997616,185.8,576.8343596,465.9725108,330.7999998,-999,155.3000001,173.9,164.4948373,221.3000001,295.1,235.8999999,163.9
1988,535.6999998,512.2,547.5,297.8,257.8,567.4999998,464.9999998,316.1980927,537.5,607.6999998,230.9,637.0999999,-999,539.5999997,268.1000001,317.5,545.3000002,521.2,332.4,529.3,542.0990463,254.5996424,398.8999999,841.8000004,545.8000002,-999,354.6,524.5990463,340.520435,326.5,308.4000002,254.5996424,-999,303.7,374.3000001,516.4000001,434.3973774,441.3,305.3670655,457.0957981,344.3,873.2999997,348.8000002,269,328.7739295,142.1,359.4112563,336.9,-999
1989,612.0999997,625.1957085,391.2000002,518.0999999,402.9000001,298.4,500.8999999,581.2995232,663.4999998,513.8,207.3000001,408.8000001,-999,466.1,260.5999999,513.1,648.5999997,430.9,526.7999997,580.6999998,596.7,248.2,548.5999999,785.2,612.5000002,481.1980927,455.6,500.0000001,657.5070918,472.1000001,607.6999998,153.9,680.8999999,235.7,560.1000001,494.1000001,438.7995232,597.6999998,496.6646004,488.2949758,410.5999998,568.4000003,405.3000001,228.2,286.478745,203.1,664.0972564,328.0999999,291.8
1990,469.1999998,369.7,327,311.8999999,-999,432.0999999,375.6,508.6980927,466.1999999,440.7999997,242.6000001,475.8000003,290.6,418.2999998,164.4,438.8,261.7,397.9000001,535.2999997,590.0999999,376.7995232,223.3,476.8000002,957.7999997,463.8999997,431.2983311,496.6,478.9000003,544.4028511,535.8,513.8,208.7995232,542.3,204.7,344.6992847,462.5999998,346.6992847,213.1000001,426.7879039,400.9159021,243.5000001,526.0000002,305.0999998,183.5,332.5766578,206.9,381.3483938,267.6999999,156.8
1991,568.1000004,523.4976158,575.7999997,719.9000001,349.1999999,673.3,629.3,656.8985695,508.2,611.9999998,261,631.4999998,-999,689.8,376.4999999,609.2,779.4999998,446.2,542.0000002,548.8999996,546.1000001,481.8000004,541.8999999,1088.9,687.7000008,683.2947548,757.797139,618.1980927,546.988044,461.8000001,440.7999997,345.9988079,772.9000003,255.7999999,431.1,468.5999999,639.1980927,711.2999997,464.2437193,673.8364818,523.0999999,798.3000002,400.9999999,302.0000001,366.9927939,351.3000002,625.7856619,478.3000001,401.3000001
1992,402.6,625.1957085,329.9999999,298.3000001,260.1,475.1000001,355.0999998,463.8000002,592.8,435.8000004,397.3000001,511.9999998,594.1000001,204.9000001,216.3000001,465.7,364.1999998,475.1999998,386.1,559.7000003,395.2983311,413.9988079,685.3999999,803.1000001,259,595.4000001,443.6,478.4000001,708.6272881,447.8000003,611.9999998,308,2534.400002,364.9000001,493.3000002,551.3,-999,372.6,492.5134525,586.1110959,254.6999999,475.0999999,369.3,344.1980927,370.0927494,401.6,589.7276011,285.1000001,272.6999999
1993,374.7000002,482,226.6,275.9,363.6,510.2999998,418.5000002,592.9952316,303.7,631.5999999,305,426.1999999,224.7,295.7000002,278.8,298.3,301.0000001,355.8000002,-999,527,441.6,254.499404,575.6000004,915.2000003,361.3999999,719.0990463,287.5990463,335.5990463,370.9247943,391.0999999,435.8000004,202.0990463,522.6000001,258.7000002,397.8000002,388.9000002,226.7000002,247,512.3532557,667.9345999,198.8,574.5999999,293.9,162.1998808,393.4459845,196.3,561.2904484,385.5,232.1
1994,493.2,301.4988079,319.4,422,418,585.5999999,448.8,44.7999702,281.0000001,519.8999996,187.0000001,387.3000001,-999,243.6,262.4,401.3,360.3,258.5,386.4,646.1999998,-999,255.5,582.3,805.9000003,355,-999,413.9000001,347.6000001,437.8738414,378.1,631.5999999,193.5996424,548.8999999,190.8999999,372.1,532.8999996,449.5978542,518,357.0159322,505.8415515,393.7,753.2000003,322.3000001,194.2,369.1506112,351.5000002,316.0925895,366.4000001,160.9999999
1995,575.7999997,535.0990463,456.5999999,503.3,267.8,523.2,533.3000002,526.7000003,479.0000001,529.6999996,301.1,435.4000001,-999,271.6,297.2000002,418.8,601.5000002,383.2,420.8,501.5999998,424.4000001,244.6998808,597,813.8999999,450.9999999,402.2,574.7000003,496.6000001,504.2691522,537.9000003,519.8999996,282.6992847,497.6999999,227.7,562.1000001,736.7,478.1992847,785.8,580.3507659,617.4996419,259.2,495.6,484.8000001,234.8,400.8667473,278.3,573.2807069,307.0000001,194.9
1996,507.2999998,545.7995232,458.6,689.9999998,567.5,608.5999999,620.5999997,539.2,737.2,363.5000001,260.9,373.9,441.5000001,436.1999999,352.0000002,463.9,757.0000002,561.6999996,449.8,687.5999997,683.4952316,362.0990463,568.9999995,844.9999993,620.4000001,377.4988079,618.0000002,535.2,714.6252875,508.6000001,529.6999996,363.2000002,557.1999998,449.1999998,579,643.8999996,519.6980927,716.3000002,472.7203761,-999,433.0000001,843.8999999,631.3999996,399.4988079,261.8367163,297.6,578.0808668,486.9,241.0999999
1997,572.0000005,699.4952316,758.3999999,800.1999998,498.4999998,773.8,721.3999999,582.7,568.6000001,765.7,274.0999999,651.2000003,391.3985695,459.8,413.6999998,480.3,879.8999999,365.5000001,485.8,761.9000001,672.8961853,398.3985695,645.5,1102.3,537.5999999,822.9976158,362.2995232,476.8000001,487.3041838,398.0999999,363.5000001,362.8985695,676.5999999,394.3,386.2000003,690.2999995,651.3985695,934.5999994,408.1413367,604.9458849,577.0999999,-999,899.3000002,322.9000001,576.855376,332.8999999,429.620455,466.4999999,395.5999999
1998,587.7,402.1957085,239.6000001,376.5999998,259.1999999,374.3000001,544.7999997,661.7,589.8,639.4000001,244.8000001,542.4000001,-999,352.9999999,325.6,310.3,188.7,271.3,403.4999999,494.3,561.1000001,322.7995232,522.9000003,669.7,510.9000002,395.4976158,301.8000001,610.7995232,611.0345144,433.6000001,765.7,241.8000001,552.3,232.6,445.7995232,542.5999999,509.6980927,317.9000001,390.4876012,343.6137012,264.8,557.7000003,208.1,326.5,217.9136467,325.5999999,569.5717223,501.6999999,418.6
1999,658.6999998,736.9976158,427.4999999,510.1999999,509.9000002,665.9999998,449.0000001,663.0990463,662.9000001,536.6000001,246.9,574.8,-999,422.0999999,247.9,389.7,574.3000004,371.8,579.2999997,610.1999996,466.9988079,184.4,535.1999998,0,658.9000001,511.6992847,200.8991655,602.2995232,495.4670309,429.8,639.4000001,416.4988079,712.3,255.6,404.0000001,680.2,318.3997616,616.1000004,432.4714388,522.1459634,364.0999999,795.7999997,272.4000001,361.8997616,401.9771271,-999,463.957972,303.7,256.8999999
2000,596.1999998,379.4000001,271.6999998,239.1,412.5999998,360.7999998,477.5999999,508.6945164,573.8,748,437.8000002,362.8,466.0000001,382.3,397.4,583.5,527.7,445.6,486.6999998,384.8,506.9000002,317.1,753.9000001,832.8000002,498.8,613.3000002,445,506.8000002,699.2878788,382.4,536.6000001,278.8000001,1044.8,285.2,401.4000001,688.8,396.8997616,425.3000003,471.8374649,636.2436547,431.7,882.6999998,253.6000001,306.6,404.876281,417.7,582.7132349,345.8000001,479.5
2001,408.2,478.4000002,575.1999998,351.4,524.8000002,525.9999998,344.3999999,514.6980927,629.2,419.4000002,242.1000001,549.5,341,418.4,206.2,524.5,591.1999996,256.4,627.5,744.5999999,513.7000003,286.8997616,537.8999999,1169.3,450.0000001,568.7,403.2995232,417.6000001,406.1807325,383.4999999,748,220.3997616,433.8,286.5,535.4000001,629.6999998,361.297139,523.7,785.9725547,652.6327639,305.3,531.9000003,546.6000001,280.1992847,488.2204542,223.2,461.1878195,355.3000001,150.6
2002,590.8999999,685.1000001,692.4999998,580.5000002,625,707.0999999,470.3,484.8000001,520.3000002,708.9999998,346.6000001,630.2000003,252.3,379.4000001,302.9000001,455.9,523.1000001,282.9,588.2,541.3,596.7000005,269.5,569.2,1438.8,395.5,704.5000002,599.7,560.7,698.1689749,493.3999999,419.4000002,305.3997616,672.5,264.4,355.3000001,570.0999997,284.8000001,548.9000001,613.7252555,670.4595888,337.4000001,529.7999997,545.3999999,252,347.3227417,288.4999999,554.8461835,352.9000001,265.5
2003,471.8999999,391.1980927,588.2,666.7999997,234.4999999,405.7000004,476.4,580.797139,459.6000001,572.9000001,341.3999999,589.0999999,388.2,549.8,321.4,468.5,453.4000002,532.3999999,457.6,559.8000002,527.8961853,265,662.7999997,921.1999993,538.7,642.3000002,458.0990463,481.6992847,501.6517733,464.2,708.9999998,255.5996424,609,325.3000001,314.8997616,588.6000004,483.297139,541.4000003,582.0541294,453.2993637,481.2,623.2999995,504.4,293.8997616,498.0902137,279.1,533.6577361,395.3000001,241.9
2004,326.3000001,358.2,264,220.1,389.2,361.4999999,369.4,372.2,697.0000002,214.1,323.4,564.3000002,404.2,397.5999999,272.5999999,433.7,368.9000001,411.4000001,329.9,344.8000001,487,227.6998808,319.6000001,721.5000005,493.4999995,377.4988079,405.2995232,511.7995232,477.6,395.6,572.9000001,309.7,345.7,390.7,528.3985695,251.7000001,455.9988079,409,374.297201,335.4716134,347.4,617.2000003,174.4999999,335.4000001,292.1856877,387.5000001,454.7484541,444.6,280.4
2005,363.3000001,348.7,308.4999999,370.5999999,365.1,405.5000001,227.9,366.8961853,650.9000001,539.8000002,460.1999998,619.0000002,385.2000002,425.3999999,317.0999999,412.4,363.5999999,389.2000002,449.3000002,484.6999999,432.7000002,-999,387.4000001,971.3,334.4,479.8000002,583.1000001,363.1000001,376.6517335,316.5999999,214.1,279.9988079,463.2,260.5,370.8000001,579.9999998,442.3000001,788.6999998,349.87387,422.8997374,328.8,684.4999998,265.7,232.6992847,470.4460552,349.1,518.6042404,491,322.7
2006,450.8000002,560.9000001,391.6999997,414.2,718.5999999,478.6999999,407.9000001,775.4976158,528.3999999,707.6109598,431.1000001,511.6000001,327.9988079,448.2000003,283.3000001,362.2,640.0999999,367.0999998,553.6999998,619.5999999,606.4000003,-999,652.5,774.0000002,584.0245616,621.1000004,179.6,490.1992847,301.234439,385.4999999,539.8000002,291.8997616,697.5,255.8,556.8000004,613,414.7,589.8999999,496.1444814,611.0645778,284.4000001,803.2999995,393.8,294.1992847,234.5974515,260.2,433.6786636,400,346.2000002
2007,483.5000002,389.7,396.1000001,278.1000001,497,437.8999995,373.4,415.6000001,409.7000002,1179.802604,327.2,494.2000002,391.8000001,316.4000002,328.5000001,417.1,311.1999999,292.7,477.3999999,606.5999997,553.6980927,228.5,384.3000001,811,589.8323135,452.5990463,435.0000001,540.2995232,654.6233616,408.2000002,399.5999997,251.2,666.6999998,405.6000001,568.8985695,511.2999997,414.6,404.7999998,515.9675369,424.7318696,222.2,620.2999995,415,310.1000001,427.2905974,283.1,445.2626138,372.7999997,444.4
2008,627.8000004,606.9976158,713.5000005,456.2,496.7999998,484.5,456.6999998,563.5966621,612,860.0648863,352,401.3999999,259.6,239.8000001,209.3,490.7,504.5999999,338.9,414.7999998,589.4000001,587.7000003,-999,379.5000001,1009.6,511.1484355,481.5990463,517.0990463,-999,401.489718,591.0000002,651.1000001,243.8991655,407.1999999,252.8,405.8000001,616.2,310.3997616,541.0999999,511.3202232,675.7739136,334.5999999,836.9000001,275.5,199.3,298.3763747,270.9,281.1436437,372.8999997,197.1999999
2009,555.7,465.3997616,389.9999999,577.1999998,613.3999994,565.2999997,433.5999999,543.9976158,506.3000002,1093.944408,272,526.8,430.1,360.1999999,264.8,356.5,686.7999997,393.3000002,375.6999999,725.0000005,554.6980927,-999,499.5000001,1730,385.5774951,558.4000001,419.5,377.8000001,645.3066015,436.3000001,459.7000002,309.9000001,-999,278,434.8997616,657.6000001,405.6992847,539.4000003,494.63693,714.0922873,714.3999996,728.3,460.1999999,349.3997616,410.8880582,286.5,418.8182839,486.2000002,316.4999999
2010,361.9,579.8985695,419.9000001,442.6999999,189.3,720.8000002,299.3000001,502.8985695,563.9000001,1161.363421,268.5,308.5999999,285.0000001,454.9000001,315.3000002,511.6,460.5,438.6000001,546.8000004,341.5000001,517.8985695,273.8997616,449.1,1061.099999,494.0903486,539.3985695,284.8997616,846.4952316,477.8923875,371.1999998,680.8000002,284.1992847,739.3000002,376.7,350.2,516.6000001,500.297139,531.7000003,637.6855872,784.0329428,209.6000001,574.6000004,439.1000001,249.6992847,380.6347483,303.9,548.3457022,433.9000001,387
2011,405.0000001,368.6,500.1999999,511.8999996,489.6999998,459.1999999,346.6999999,479.9952316,422.1000001,1022.316348,327.4,393.9999998,335.5990463,333.6999998,250.6,512,553.8000002,337.5,519.0000002,665.3000002,513.9000001,131.3,745.3000002,1116.199999,411.9228657,460.3000001,291.2000002,407.7,324.2924819,458.6999999,270.2,233.3997616,-999,394.8,290.4000002,568.5000002,278.9988079,632.5,502.7043136,509.5807227,292.9999999,916.7,425.5999999,280.3997616,313.3368915,213.7,480.0665798,509.5,225.8000001
2012,610.2,463.7995232,338.0999999,481.1,314.6,481.1,367.1000001,548.797139,753.5999997,789.2083294,295.2,-999,-999,460.3000001,359.2000002,589.4,686.5999999,477.1999997,320.2,691.0999999,-999,188.2995232,547.4999998,861.3000007,620.1296926,613.0000007,558.2,565.1980927,438.1734965,382.4999999,467.1999999,280.8997616,-999,333.6000001,474.6,262.2000002,530.0990463,486.4,524.8,349.9725363,350.5,649.3000002,326.7000002,-999,310.8949858,324.9,474.9393601,452.1999999,291.4
2013,308.7,-999,260.0999999,416.9,412.6,416.9,329.0999998,165.3997616,414.1000001,452.8750492,229.9999999,-999,476.3985695,382.6,234.8,455.1,-999,312.8,386.7000002,326.7,479.1000003,-999,354.3999999,977.0999999,306.5484456,308.8000001,441.2995232,595.1000001,477.6065102,323.9,769.5,277.3997616,591.7,318.5,393.2,536.5000002,443.8973774,401.0999999,515.4000001,207.3160616,198.4,438.0999999,301.3,161.0990463,257.5509433,342.5,445.50653,404.1999998,210.8000001
2014,665.2000003,186.9,409.1000001,373.6000001,248.9,522.9000001,446.3999999,436.2000003,499,1155.5,242.4999999,760.3999996,-999,287.8,200.3,263.4,578.7,419.0000002,522.9000001,607.3,684.0990463,237.5996424,475.1999999,1601.5,479.0999999,884.0000005,510,595.5990463,284.1183184,268,392.6,215.2,1245.4,165.8999999,595.1000001,483.5000001,400,691.0999999,523.7,560.5,209.3,789.9000003,410.8000001,254.2,359.4,256.9,528.5,318.0999999,282.0999999
2015,505.0000004,369.3000001,563,413.9999998,365.6999999,320.4000001,336.4,530.8985695,260.5,650.6999998,136.1,345.9,242.8991655,173.4,213.1,229.5,758.8,196.5,343.5000001,-999,-999,172.5,501.5,731.3,383.4999999,461.4988079,251.999404,328.2000002,-999,413.6999999,491.3,168.1998808,-999,194.1,394.2995232,442.4999999,281.6,570.5999999,425.2000002,534.3999999,192.1,290.4,630.5,193.5996424,156.7,186.7,295.4000001,101.6,295.8
2016,353.5999997,-999,354.9,263.5,-999,366.8,339.4,-999,344.3999999,763.5999997,-999,300.1,600.1980927,316,318.3,187.6,448.5,166.9,187.3999999,435.5,297.7983311,215.6998808,522.3999999,747.0000002,369.4000001,502.6000001,240.499404,390.9000001,360.6999999,290.1999999,358.1,213.7,535.3,99.09999999,301.6,391.5000001,389.4000001,339.3000001,426.5999999,223.2,229.3000001,868.7999997,182.8,334.3997616,298.8,253.5999999,465.8000001,295.6,324.6
2017,662.2000005,498,367,363.1999998,544.1000001,808.0999999,738.7,591.1957085,417.0999999,1125.7,-999,535.2,-999,514.3999999,348.8000002,547.8,489.0000002,435.1,495.3000002,979.9000001,376.3997616,258.7995232,463.7,1102.6,598.9999998,614.6000004,429.7000002,595.2995232,478.3000001,414.1999998,316.4999999,271,461.6,439.9999998,719.3000002,500.9999996,382.2,566.8,298.9000001,-999,349.6000001,709.4000001,627.7,341.7995232,413.7,346.9,-999,363.1999998,125.4
2018,337.3000001,217.9,349.2,332.8999999,449.9,529.3,474.8000001,304.5000002,455.7999998,673.5999999,280.8,480.2000002,656.7,319.6,336.0000001,-999,452.8000001,432.5000001,288.6000001,664.7000003,518.5,248.6000001,543.3,1096.699999,323.5000001,612.8000002,323.5990463,407.8000001,363.1999998,425.1999999,551.8,247.4,640.3999999,230.6000001,439.3000001,337.3000001,382.1,525,457.4999996,668.8,470.5,869.8000002,336,324.5,380.9000001,310.3,327.1000001,401.8,179.8999999
2019,414.4000001,316.3000002,537.4999998,346.6000004,616.5000005,561.5,443.1000003,371.7,372.6,1049.200001,-999,444.8,414.4000001,215.3,287.1,-999,449.3000001,332,325.5999999,831.4000003,561.3999999,228.9,708.6000001,-999,494.4999999,660.8000004,401.5999998,481.7999998,539.7,540.0000002,647.1999998,245.6000001,724.5,308.0999999,628.6999998,510.7000002,353.7,402.9000001,403.6,595.6999998,322.3999999,732.8,269.8000001,210.3000001,322.5,114,629.1000001,291.6534278,277.1
2020,488.2999998,-999,355.2,461.1999998,292.4999998,609,410,442.9999998,439.1999999,1310.5,188.5,535.7,322.1,394.1,321.0999999,267.1,447.9,417.6,535.7999997,564.3000002,582.9000001,195.0000001,578.8999999,1209.6,528.5999999,744.8,633.8999999,432.1999999,415.5999999,359.4999999,592.5999999,279.6,517.3999999,221.1,452.4000003,580.6999996,410.1,406.4999998,487.1,548.9000001,369.4999999,555.4999998,412.0999999,307.6999999,492.4000002,257.6,408.2,470.5,417.0000001
2021,487.6999997,-999,177.8,161.3,407.4999999,520,320,312.9,534.7,600.8,300.2,511.8000001,366.2,217,248.6,359.9,385.3000001,357.2,363.3,463.7,432.5000001,244.9,378.8999997,419.5,514.7,554.0999999,176.2,293.1999999,382,350.4000001,595.3999999,281.8,397.0999999,244.8,531.7,334.1000001,347.3999999,337,319.9,265,311.8000002,309.7,211.4,265.2,397,268,391.2,376.6999999,305.1999999
2022,587.7,-999,606,389.5,753.7,482.1,447.9,411.6,414.8,1569.5,320.4,392.2,473.3,373.4,315.3,38.6,540.5,484,476,379.9,642.2,224.3,447.4,1323.5,677.2,838,543.1,532.4,501.1,538,441,-999,724.3,283.8,710.6,661,626.6,665.3,537.9,1197.4,339.1,-999,479.4,191.4,427.2,254.7,566.7,420.9,247.2
2023,409.6,-999,488.5,-999,544.6,687.3,579.9,340.4,378.7,1324,377.8,355.1,219.8,326.8,286,531.4,560.1,417.3,289.6,466.6,498.8,180.1,348.6,1001.8,570.9,650.2,404.6,580.9,448.7,621,642.6,-999,430,228.4,456.3,812.3,566.7,359.5,381.5,738.8,412.8,-999,560.4,316.1,415.5,301.1,505.1,268.9,291.6
2024,512.9,-999,460.7,379.5,577.4,911.5,342.1,516.7,385,774.5,234.3,780.4,366.9,343.9,195.5,456.1,395.5,433.2,247.4,505.6,544.3,244.1,689.5,1263.2,374.3,530.8,338.7,376.1,499.8,488.4,653.3,-999,540.9,275.5,409,595.7,712,444.9,589.1,976.6,325.1,-999,390.2,247.8,255.4,163.6,479.3,480.5,195.3
2025,642.8,-999,321.5,559.6,490.2,641.3,425.8,574.4,501.3,1143.6,153.9,626.7,193.4,348.7,267.6,545.4,629.3,349.7,254,427.7,358.6,-999,648.1,685.7,538.5,440,264.4,495.5,700.6,307.8,465.6,-999,538.7,377.4,459.8,600.5,186.1,437.9,555.8,657.9,318.3,-999,320.4,-999,283.7,214.9,530.4,338.7,193.3
